"Title","Story","Moral"
"The Boy Who Cried Wolf","A shepherd boy, bored while watching his flock, shouted, Wolf! Wolf! just to see the villagers come running. They rushed to help—only to find him laughing. He did it again the next day, and again they came—only to be mocked. But on the third day, a real wolf appeared. The boy screamed for help, but no one came. The wolf killed his sheep and the boy too.","If you lie, even in fun, people won’t believe you when it truly matters. Trust is earned once—and lost in seconds."
"The Bystander at the Playground","At a middle school, a group of boys surrounded a girl and began shoving her, calling her names. One boy stood nearby—he didn’t join, but he didn’t stop it or get help. He even laughed nervously to fit in. A teacher saw him and reported it. Though he didn’t throw a punch, he was suspended, lost his spot on the team, and was shunned for years. His silence became his shame.","Doing nothing when you see wrong is still a choice—and you will be held accountable. Courage means speaking up, even when it’s hard."
"Columbus and the Taino People","In 1492, Christopher Columbus landed on an island in the Caribbean, home to the peaceful Taino people. At first, they welcomed him with food and gifts. But Columbus saw only gold. He took hostages, demanded tribute, and enslaved those who resisted. Within 50 years, millions of Indigenous people across the Americas died from violence, disease, and forced labor. Their lands were stolen, their cultures erased.","When powerful people meet the vulnerable, kindness is rare, but exploitation is common. Never assume discovery means progress for everyone."
"The Student Who Cheated His Way to the Top","A high school senior copied answers from a classmate to ace his final exam. He got into a top college, landed internships, and seemed successful. But years later, during a job interview, his former classmate, now a manager, recognized him and revealed the truth. He was fired before he even started. His reputation was ruined because he built his future on a lie.","Shortcuts may get you ahead today, but they collapse under pressure tomorrow. Integrity is the only foundation that lasts."
"The Village That Shared Water","During a drought, one village hoarded its well and turned away thirsty travelers. Another village shared its water, even though it meant less for them. Months later, rains returned, but the selfish village had made enemies. When bandits attacked, no one came to help them. The generous village, however, was protected by the very people they had helped.","Kindness is not weakness, it is long-term strength. What you give in hard times returns when you need it most."
"The Teen Who Posted the Joke","A 14-year-old made a funny social media post mocking a classmate’s appearance. It went viral. The next day, the targeted student did not come to school. Weeks later, she transferred, deeply hurt. The boy was suspended, lost friends, and his post was used in an anti-bullying campaign. Colleges later rejected him because of it. A 10-second joke haunted him for years.","Online actions are permanent. What feels like a joke to you can be a wound to someone else, and the internet will remember you in the future."
"The Factory Fire That Changed Laws","In 1911, a fire broke out at the Triangle Shirtwaist Factory in New York. The doors were locked to keep workers from taking breaks. 146 garment workers, mostly young immigrant women, burned or jumped to their deaths. The owners were acquitted. But public outrage led to new safety laws, unions, and worker protections that saved millions afterward.","Injustice often hides in plain sight, until tragedy forces change. Never ignore suffering just because it doesn’t affect you."
"The Boy Who Returned the Wallet","A 12-year-old found a wallet with $200 and an ID on the bus. He could’ve kept it, but instead, he walked it to the address inside. The owner, an elderly man, cried with relief. He wrote the boy a letter of recommendation that later helped him get a scholarship. Years later, the boy said, I almost kept it. But I am glad that I didnt.","Doing the right thing when no one is watching builds a life you can be proud of, and opens doors you never expected."
"The Country That Borrowed Too Much","In the 1970s, a poor nation took huge loans from foreign banks to build roads and schools. But when prices for its crops fell, it couldn’t repay. The lenders demanded cuts to hospitals and schools so money could go to them instead. Generations grew up with worse health and education, all because debt became control.","Borrowing isnt free, it can cost your freedom. Whether it is money, favors, or promises, always ask: What will this cost me later?"
"The Soldier Who Refused to Obey","During a war, a young soldier was ordered to shoot unarmed civilians. Everyone else did. But he dropped his gun and said, I will not.  He was jailed, called a traitor, and shamed. Decades later, a truth commission honored him as a hero. His name was placed in a museum, not for winning a battle, but for saving his humanity.","Real courage is not following orders, it is refusing to do evil, even when everyone else does. Your conscience is your true commander."
"The Apprentice Who Stole the Design","A young graphic designer copied a logo from an online portfolio and sold it to a client as his own. He got paid, celebrated—and was hired again. But months later, the original artist recognized it and exposed him online. His agency fired him, and no one would hire him for a year. He had to rebuild from zero.","Talent is worthless without honesty. Plagiarism might pay today—but it bankrupts your future."
"The School That Ignored the Bully","At Lincoln Middle, teachers kept saying, Boys will be boys, when a group harassed quieter students. One victim stopped coming to school. His grades dropped, and he developed anxiety. Years later, he sued the district—and won. The school had to pay $1.2 million and rewrite all its policies.","Ignoring cruelty is enabling it. Institutions protect themselves—unless someone forces them to protect people."
"The Farmer Who Planted Too Late","Every spring, Old Man Ruiz planted his corn early, even in cold soil. His neighbors waited for perfect weather. But Ruiz knew: waiting for ‘perfect’ means missing the season. While others rushed in May, his crop was already growing. By harvest, he fed his family and sold surplus.","Opportunity favors those who start before they feel ready. Perfection is the enemy of progress."
"The Teen Hacker Who Got Caught","At 15, Leo broke into his school’s grading system to change his math score. He thought it was harmless. But the system flagged him. He faced expulsion, a police record, and lost his spot in a coding camp. His dream of working in tech now required years of rebuilding trust.","Just because you *can* do something doesn’t mean you *should*. Skill without ethics leads to ruin."
"The Village That Trusted the Stranger","A remote village welcomed a foreign company promising jobs and roads. They signed papers they didn’t understand. Within a year, the company cut down their sacred forest, polluted the river, and left. The village lost clean water, wildlife, and peace. No one came to fix it.","Never sign what you don’t understand. Power often hides behind promises—and fine print."
"The Brother Who Took the Blame","When their mom’s favorite vase broke, 10-year-old Mateo blamed his 6-year-old brother. Their mom punished the little one. But days later, Mateo confessed, he couldn’t sleep from guilt. His mom hugged him and said, Truth heals faster than lies. He lost TV for a week, but gained his brothers trust again.","Lies might save you today, but truth saves your soul. And your relationships."
"The Student Who Asked for Help","Maria failed her first algebra test. Instead of hiding it, she stayed after class and said, I don’t get it. Her teacher helped her every Tuesday. By semester’s end, she aced the final. She later became an engineer—and still thanks that teacher.","Asking for help isn’t weakness—it’s the first step to mastery. Pride keeps you stuck; humility sets you free."
"The Boy Who Sold His Future for Likes","Jake posted a video of himself doing a dangerous stunt to get views. It went viral—100K likes! But he broke his arm and missed soccer tryouts. Worse, colleges saw the video and called him reckless. His dream of a sports scholarship vanished for 15 seconds of fame.","Chasing attention steals your future. Build a legacy—not just a following."
"The Country That Said No to Debt","After a war, Costa Rica chose not to rebuild its army. Instead, it invested in schools, forests, and healthcare. While neighbors spent billions on weapons, Costa Rica became a peaceful, educated democracy. Today, it has no military—and more happiness per capita than most rich nations.","True security comes from health, knowledge, and justice—not just weapons. Wisdom chooses peace over power."
"The Intern Who Stayed Late","On his first day, David noticed a typo in the CEO’s big presentation. Everyone else left. He fixed it, printed a new copy, and slipped it under the door. The next morning, the CEO thanked him in front of the team. Six months later, David got a full-time offer—before graduation.","Excellence is doing what’s needed—even when no one asks. Small actions build big reputations."
"The Girl Who Spoke Up in Class","When her history teacher called Native Americans savages, Lila raised her hand and said, My grandfather was Cherokee. We weren’t savages—we were farmers, astronomers, and diplomats. The class fell silent. Later, the teacher apologized and changed the lesson. Lila’s voice taught everyone more than the textbook.","Your truth matters. Speaking up—even alone—can change minds and rewrite history."
"The Startup That Lied to Investors","Two friends launched an app claiming 10,000 users. They faked the numbers to get funding. They bought fancy offices and cars. But when real users didn’t come, the company collapsed. They were sued for fraud—and banned from starting businesses for 5 years.","Fake growth is a trap. Build something real, even if it’s small. Authenticity outlasts illusion."
"The Soldier Who Saved the Enemy","In World War I, during the Christmas Truce of 1914, British and German soldiers left their trenches, exchanged gifts, and played soccer. One British medic treated a wounded German soldier. When officers ordered them back to fight, many refused—for hours. Humanity briefly won.","Even in the darkest times, kindness is possible. Never let labels like enemy erase someone’s humanity."
"The Boy Who Gave His Lunch","Every day, Mateo saw a new student eating alone with no food. One day, he split his sandwich and sat with him. Turns out, the boy’s family had lost their home. Mateo told his mom—and their family helped them find shelter. Years later, that boy became a doctor and never forgot the sandwich.","Compassion starts small—but its ripple lasts a lifetime. You never know how much someone needs your kindness."
"The Nation That Lost Its Language","Under colonial rule, children in Wales were punished for speaking Welsh in school. Generations grew up ashamed of their mother tongue. By the 1970s, fewer than 20% spoke it. But activists fought back—Welsh is now taught in schools again, and street signs are bilingual. A language nearly killed was brought back to life.","Culture is power. When you lose your language, you lose your story. Protect your roots—they’re your compass."
"The Employee Who Reported the Lie","Anita discovered her company was lying about recycling—dumping plastic in rivers while claiming eco-friendly. She reported it internally. Nothing happened. So she went to the press. She lost her job—but the company was fined millions and forced to change. Today, she runs an environmental nonprofit.","Doing the right thing often costs you—but it saves others. Courage isn’t the absence of fear; it’s action despite it."
"The Teen Who Chose Sleep Over Scrolling","Every night, Alex put his phone in another room at 9 p.m. His friends mocked him: You’re missing everything! But he woke up rested, focused in class, and finished homework early. By senior year, he had straight A’s, a scholarship, and calm nerves while others burned out.","Self-control is freedom. Master your habits, or they’ll master you."
"The Village That Built a School","In rural Kenya, parents walked 10 miles to get bricks and carried them on their heads to build a school. No government help. No grants. Just determination. Today, that school has sent 200 students to college. One even became a doctor—and returned to serve her village.","When people believe in themselves, they create miracles. Don’t wait for permission to build your future."
"The Brother Who Defended His Sister","When a group of boys made fun of his sister’s hijab at school, Amir stood between them and said, If you have a problem with her, you have a problem with me. They backed off. Later, his sister said, That was the day I knew I wasn’t alone. Years later, Amir became a human rights lawyer.","Protecting your family isn’t just duty—it’s love in action. And it shapes who you become."

